Date,Pages
20031224,339791
20031225,675661
20031226,300487
20031227,183731
20031228,286701
20031229,143574
20040124,1157552
20040125,525932
20040126,390985
20040127,151452
20040129,17122
20040225,1064693
20040226,81960
20040227,221382
20040228,113306
20040229,75405
20040303,6409
20040324,497012
20040325,331040
20040326,220466
20040327,169800
20040328,70405
20040329,47872
20040331,6501
20040423,26094
20040424,773032
20040425,123569
20040426,145953
20040427,52220
20040428,100413
20040429,78071
20040430,55828
20040501,13714
20040502,10100
20040503,6
20040506,1
20040523,275239
20040524,514472
20040525,82376
20040526,121507
20040527,83584
20040528,73376
20040529,39898
20040530,6225
20040531,8171
20040601,2680
20040623,346271
20040624,668312
20040625,199702
20040626,141817
20040627,103324
20040628,43017
20040629,70712
20040630,14024
20040701,233
20040702,252
20040703,172
20040723,131298
20040724,865964
20040725,202722
20040726,138715
20040727,115161
20040728,70620
20040729,8604
20040823,103064
20040824,908787
20040825,184006
20040826,201178
20040827,133405
20040828,112761
20040829,52913
20040830,31547
20040831,31701
20040901,4317
20040902,21
20040923,203827
20040924,759842
20040925,197557
20040926,162284
20040927,94084
20040928,36497
20040929,32289
20040930,105
20041001,64
20041002,175
20041003,51
20041004,41
20041005,16
20041025,953220
20041026,233091
20041027,212243
20041028,160439
20041029,115856
20041030,55213
20041031,46529
20041101,13433
20041124,280244
20041125,448240
20041215,5368
20041224,526643
20041225,544065
20041226,189923
20041227,174873
20041228,94203
20041229,520
20050103,3993
20050104,8519
20050124,899400
20050125,184024
20050126,129077
20050127,147450
20050128,128002
20050129,72156
20050130,35932
20050225,134495
20050226,1141672
20050227,733139
20050228,798126
20050301,338521
20050302,210478
20050303,87579
20050304,59773
20050305,61075
20050306,62254
20050307,62302
20050308,61743
20050309,70081
20050310,59943
20050311,58460
20050312,59861
20050313,60147
20050314,59746
20050315,44990
20050331,1024665
20050401,314718
20050402,324880
20050403,417589
20050404,208890
20050405,196716
20050406,150770
20050407,104150
20050408,111525
20050409,127902
20050410,128913
20050411,110700